<?xml version="1.0" encoding="UTF-8"?>
<receptari>    
    <recepta>
        <nom>Pastís de xocolata</nom>
        <ingredients>
            <ingredient>6 rovells d'ou</ingredient>
            <ingredient>6 clares</ingredient>
            <ingredient>150g de sucre</ingredient>
            <ingredient>200g de xocolata negra de cobertura</ingredient>
            <ingredient>50g de mantega</ingredient>
            <ingredient>farina</ingredient>
            <ingredient>nata muntada per guarnir</ingredient>
            <ingredient>cacau en pols per guarnir</ingredient>
        </ingredients>
        <preparacio>
            <pas>Per començar, barregeu els rovells d'ou amb el sucre en un bol.</pas>
            <pas>Mentrestant, foneu la cobertura de xocolata al bany maria. Quan la xocolata s'hagi desfet, afegiu-hi la mantega i remeneu-ho. Tot seguit, munteu les clares que haureu tingut a la nevera perquè es muntin bé.</pas>
            <pas>A continuació, barregeu la xocolata, els rovells i el sucre i les clares muntades. Remeneu-ho i poseu-ho en un motllo per al forn.</pas>
            <pas>Deixeu-ho coure al forn a 180 graus durant 30 minuts. Després , deixeu refredar el pastís, desenmmotlleu-lo i emplateu-lo. I ja per acabar, decoreu-lo amb nata muntada i cacau en pols.</pas>
        </preparacio>
        <notescomplementaries>Recepta del programa de TV3 Cuines, del restaurant Les Petxines.</notescomplementaries>
        <autors>
            <autor>Bàrbara Casanovas</autor>
            <autor>Adrià Ruscalleda</autor>
        </autors>
        <Etiquetes>
            <etiqueta>Postre</etiqueta>
            <etiqueta>Dolços</etiqueta>
            <etiqueta>Forn</etiqueta>
            <etiqueta>Aniversari</etiqueta>
            <etiqueta>Fàcil</etiqueta>
            <etiqueta>Econòmic</etiqueta>
        </Etiquetes>
    </recepta>
    <recepta>
        <nom>Volcà de xocolata</nom>
        <ingredients>
            <ingredient>4 ous</ingredient>
            <ingredient>4 rovells</ingredient>
            <ingredient>80g de sucre</ingredient>
            <ingredient>220g de mantega</ingredient>
            <ingredient>220g de xocolata</ingredient>
            <ingredient>60g de farina</ingredient>
        </ingredients>
        
        <preparacio>
            <pas>1.Foneu al bany maria la xocolata i la mantega. Un cop fora del foc.</pas>
            <pas>2. Munteu les clares, afegint-hi el sucre, quan comencin a agafar cos.</pas>
            <pas>3. Barregeu la metitat de les clares muntades amb la xocolata. Incorporeu-hi la farina i la resta de les clares.</pas>
            <pas>4. Pinteu motlles individuals amb mantega i farina, farciu-los amb la pasta fins a la meitat i disposeu el centre un dau de xocolata. Acabeu de farcir una mica més els motlles per amagar el dau de xocolata.</pas>
            <pas>5. Coeu a 220º (forn només amb escalfor de baix) durant uns 10 minuts aproximadament</pas>
            <pas>6. Servir calent, empolvorat de sucre llustre i acompanyat d'una salseta o gelat.</pas>
        </preparacio>

        <notescomplementaries></notescomplementaries>

        <autors>
            <autor>anna</autor>
        </autors>
        <Etiquetes>
            <etiqueta>Postre</etiqueta>
            <etiqueta>Dolços</etiqueta>
            <etiqueta>Festa</etiqueta>
            <etiqueta>Fàcil</etiqueta>
            <etiqueta>Econòmic</etiqueta>
            <etiqueta>Catalana</etiqueta>
            <etiqueta>Preparació: 30 minuts</etiqueta>
            <etiqueta>Cost: 15€</etiqueta>
            <etiqueta>220 calories</etiqueta>
        </Etiquetes>
    </recepta>



    <recepta>
        <nom>Pastis de formatge</nom>
        <ingredients>
            <ingredient>2 terrines de formatge Philadelphia (200-300gr.)</ingredient>
            <ingredient>3 ous</ingredient>
            <ingredient>3 iogurts naturals</ingredient>
            <ingredient>3 culerades (grans) de farina</ingredient>
            <ingredient>10 o 12 culleretes de sucre</ingredient>
            <ingredient>Un parell de galetes Maria o Chiquilín</ingredient>
        </ingredients>
        
        <preparacio>
            <pas>El primer que hem de fer és escalfar el forn a 200 graus.</pas>
            <pas>Buidem les terrines de Philadelphia en un bol i remenem bé el formatge</pas>
            <pas>Agafem els 3 ous, els afegim i remenem amb el formatge</pas>
            <pas>Ara afegiom els 3 iogurts nmaturals a la barreja i tornem a remenar.</pas>
            <pas>Quan tinguem una pasta homogènia, hi posem la farina i el sucre i ho remenem tot fins que no queden grumolls.</pas>
            <pas>Quan tinguem el motlle untat-lo bé amb la mantega. Triturem les galetes i les repartim per tot la base del motlle.</pas>
            <pas>Seguidament, hi evoquem la barreja que tenim ja preparada. Baixarem el forn a 170º i hi col·loquem el pastís.</pas>
            <pas>Esperem uns 20 o 30 minuts. Com que la cocció depèn de la poténcia del forn, la millor manera per saber si el pastís està fet és punxar-lo pel mig amb algun instrument en forma de punxa, o un escuradents: quan ens surti not vol dir que ja tenim el pastís enllestit.</pas>
            <pas>El deixem refredar i el retirem del motlle.</pas>
            <pas>Ens el podem menjar sol o bé afegir-li una capa molt fina de melmelada de maduixa o gerds. Ja veureu quina delicia!!!</pas>

        </preparacio>

        <notescomplementaries>Una delícia pels més formatgers!!!</notescomplementaries>

        <autors>
            <autor>eulalia</autor>
        </autors>
        <Etiquetes>
            <etiqueta>Postre</etiqueta>
        </Etiquetes>
    </recepta>
</receptari>